<?xml version="1.0" encoding="UTF-8"?>
<project-private xmlns="http://www.netbeans.org/ns/project-private/1">
    <editor-bookmarks xmlns="http://www.netbeans.org/ns/editor-bookmarks/2" lastBookmarkId="0"/>
    <open-files xmlns="http://www.netbeans.org/ns/projectui-open-files/2">
        <group>
            <file>file:/F:/Codes/Eclipse%20Files/GestionPrestation/src/gestionprestation/AddPrestation.java</file>
            <file>file:/F:/Codes/Eclipse%20Files/GestionPrestation/src/gestionprestation/Prestation.java</file>
            <file>file:/F:/Codes/Eclipse%20Files/GestionPrestation/src/gestionprestation/MainForm.java</file>
            <file>file:/F:/Codes/Eclipse%20Files/GestionPrestation/src/gestionprestation/LoginForm.java</file>
        </group>
    </open-files>
</project-private>
